[
    {
        "plan_id": "361",
        "network": "9MOBILE",
        "plan_type": "CORPORATE GIFTING",
        "amount": "25.0",
        "plan_name": "25.0 MB",
        "validity": "30 days"
    },
    {
        "plan_id": "186",
        "network": "9MOBILE",
        "plan_type": "GIFTING",
        "amount": "1640.0",
        "plan_name": "4.5 GB",
        "validity": "30 days{Gifting}"
    },
    {
        "plan_id": "187",
        "network": "9MOBILE",
        "plan_type": "GIFTING",
        "amount": "3280.0",
        "plan_name": "11.0 GB",
        "validity": "30 days{Gifting}"
    },
    {
        "plan_id": "188",
        "network": "9MOBILE",
        "plan_type": "GIFTING",
        "amount": "4100.0",
        "plan_name": "15.0 GB",
        "validity": "30 days{Gifting}"
    },
    {
        "plan_id": "189",
        "network": "9MOBILE",
        "plan_type": "GIFTING",
        "amount": "8200.0",
        "plan_name": "40.0 GB",
        "validity": "30 days{Gifting}"
    },
    {
        "plan_id": "190",
        "network": "9MOBILE",
        "plan_type": "GIFTING",
        "amount": "12300.0",
        "plan_name": "75.0 GB",
        "validity": "30 days{Gifting}"
    },
    {
        "plan_id": "276",
        "network": "9MOBILE",
        "plan_type": "GIFTING",
        "amount": "1230.0",
        "plan_name": "7.0 GB",
        "validity": "7 days(weekly)"
    },
    {
        "plan_id": "348",
        "network": "9MOBILE",
        "plan_type": "CORPORATE GIFTING",
        "amount": "571.5",
        "plan_name": "4.5 GB",
        "validity": "30 days"
    },
    {
        "plan_id": "349",
        "network": "9MOBILE",
        "plan_type": "SME",
        "amount": "1680.0",
        "plan_name": "7.0 GB",
        "validity": "30 days"
    },
    {
        "plan_id": "350",
        "network": "9MOBILE",
        "plan_type": "SME",
        "amount": "3000.0",
        "plan_name": "15.0 GB",
        "validity": "30 days"
    },
    {
        "plan_id": "424",
        "network": "9MOBILE",
        "plan_type": "CORPORATE GIFTING",
        "amount": "125000.0",
        "plan_name": "1.0 TB",
        "validity": "30 days"
    },
    {
        "plan_id": "351",
        "network": "9MOBILE",
        "plan_type": "CORPORATE GIFTING",
        "amount": "2540.0",
        "plan_name": "20.0 GB",
        "validity": "30 days"
    },
    {
        "plan_id": "391",
        "network": "9MOBILE",
        "plan_type": "CORPORATE GIFTING",
        "amount": "12700.0",
        "plan_name": "100.0 GB",
        "validity": "90 days"
    },
    {
        "plan_id": "277",
        "network": "9MOBILE",
        "plan_type": "GIFTING",
        "amount": "415.0",
        "plan_name": "1.0 GB",
        "validity": "1 day"
    },
    {
        "plan_id": "362",
        "network": "9MOBILE",
        "plan_type": "CORPORATE GIFTING",
        "amount": "1397.0",
        "plan_name": "11.0 GB",
        "validity": "30 days"
    },
    {
        "plan_id": "377",
        "network": "9MOBILE",
        "plan_type": "CORPORATE GIFTING",
        "amount": "15.0",
        "plan_name": "15.0 MB",
        "validity": "30 days"
    },
    {
        "plan_id": "376",
        "network": "9MOBILE",
        "plan_type": "CORPORATE GIFTING",
        "amount": "10.0",
        "plan_name": "10.0 MB",
        "validity": "30 days"
    },
    {
        "plan_id": "375",
        "network": "9MOBILE",
        "plan_type": "CORPORATE GIFTING",
        "amount": "13900.0",
        "plan_name": "100.0 GB",
        "validity": "30 days"
    },
    {
        "plan_id": "236",
        "network": "9MOBILE",
        "plan_type": "GIFTING",
        "amount": "82.0",
        "plan_name": "100.0 MB",
        "validity": "1 day"
    },
    {
        "plan_id": "237",
        "network": "9MOBILE",
        "plan_type": "GIFTING",
        "amount": "16400000.0",
        "plan_name": "650.0 MB",
        "validity": "1 day"
    },
    {
        "plan_id": "238",
        "network": "9MOBILE",
        "plan_type": "GIFTING",
        "amount": "246000.0",
        "plan_name": "1000.0 MB",
        "validity": "1 day"
    },
    {
        "plan_id": "239",
        "network": "9MOBILE",
        "plan_type": "GIFTING",
        "amount": "415.0",
        "plan_name": "2000.0 MB",
        "validity": "1 (2gb)day"
    },
    {
        "plan_id": "372",
        "network": "9MOBILE",
        "plan_type": "CORPORATE GIFTING",
        "amount": "35.0",
        "plan_name": "100.0 MB",
        "validity": "30 days"
    },
    {
        "plan_id": "373",
        "network": "9MOBILE",
        "plan_type": "CORPORATE GIFTING",
        "amount": "5560.0",
        "plan_name": "40.0 GB",
        "validity": "30 days"
    },
    {
        "plan_id": "374",
        "network": "9MOBILE",
        "plan_type": "CORPORATE GIFTING",
        "amount": "6350.0",
        "plan_name": "50.0 GB",
        "validity": "30 days"
    },
    {
        "plan_id": "184",
        "network": "9MOBILE",
        "plan_type": "GIFTING",
        "amount": "984.0",
        "plan_name": "2.0 GB",
        "validity": "30 days"
    },
    {
        "plan_id": "309",
        "network": "9MOBILE",
        "plan_type": "GIFTING",
        "amount": "410.0",
        "plan_name": "500.0 MB",
        "validity": "7 days(weekly)"
    },
    {
        "plan_id": "448",
        "network": "9MOBILE",
        "plan_type": "CORPORATE GIFTING",
        "amount": "10000.0",
        "plan_name": "7.5 GB",
        "validity": "30 days"
    },
    {
        "plan_id": "447",
        "network": "9MOBILE",
        "plan_type": "CORPORATE GIFTING",
        "amount": "10000.0",
        "plan_name": "25.0 GB",
        "validity": "30 days"
    },
    {
        "plan_id": "446",
        "network": "9MOBILE",
        "plan_type": "CORPORATE GIFTING",
        "amount": "100000.0",
        "plan_name": "30.0 GB",
        "validity": "30 days"
    },
    {
        "plan_id": "445",
        "network": "9MOBILE",
        "plan_type": "CORPORATE GIFTING",
        "amount": "10000.0",
        "plan_name": "15.0 GB",
        "validity": "30 days"
    },
    {
        "plan_id": "444",
        "network": "9MOBILE",
        "plan_type": "CORPORATE GIFTING",
        "amount": "10000.0",
        "plan_name": "300.0 MB",
        "validity": "30 days"
    },
    {
        "plan_id": "305",
        "network": "9MOBILE",
        "plan_type": "CORPORATE GIFTING",
        "amount": "1270.0",
        "plan_name": "10.0 GB",
        "validity": "30 days"
    },
    {
        "plan_id": "304",
        "network": "9MOBILE",
        "plan_type": "CORPORATE GIFTING",
        "amount": "635.0",
        "plan_name": "5.0 GB",
        "validity": "30 days"
    },
    {
        "plan_id": "303",
        "network": "9MOBILE",
        "plan_type": "CORPORATE GIFTING",
        "amount": "381.0",
        "plan_name": "3.0 GB",
        "validity": "30 days"
    },
    {
        "plan_id": "300",
        "network": "9MOBILE",
        "plan_type": "CORPORATE GIFTING",
        "amount": "193.5",
        "plan_name": "1.5 GB",
        "validity": "30 days"
    },
    {
        "plan_id": "299",
        "network": "9MOBILE",
        "plan_type": "CORPORATE GIFTING",
        "amount": "254.0",
        "plan_name": "2.0 GB",
        "validity": "30 days"
    },
    {
        "plan_id": "298",
        "network": "9MOBILE",
        "plan_type": "CORPORATE GIFTING",
        "amount": "129.0",
        "plan_name": "1.0 GB",
        "validity": "30 days"
    },
    {
        "plan_id": "310",
        "network": "9MOBILE",
        "plan_type": "GIFTING",
        "amount": "164.0",
        "plan_name": "250.0 MB",
        "validity": "7 days(weekly)"
    },
    {
        "plan_id": "185",
        "network": "9MOBILE",
        "plan_type": "GIFTING",
        "amount": "1230.0",
        "plan_name": "3.0 GB",
        "validity": "30 days{Gifting}"
    },
    {
        "plan_id": "183",
        "network": "9MOBILE",
        "plan_type": "GIFTING",
        "amount": "820.0",
        "plan_name": "1.5 GB",
        "validity": "30 days"
    },
    {
        "plan_id": "182",
        "network": "9MOBILE",
        "plan_type": "CORPORATE GIFTING",
        "amount": "69.5",
        "plan_name": "500.0 MB",
        "validity": "30 days"
    },
    {
        "plan_id": "278",
        "network": "9MOBILE",
        "plan_type": "GIFTING",
        "amount": "41.0",
        "plan_name": "25.0 MB",
        "validity": "1 day"
    },
    {
        "plan_id": "347",
        "network": "9MOBILE",
        "plan_type": "CORPORATE GIFTING",
        "amount": "508.0",
        "plan_name": "4.0 GB",
        "validity": "30 days"
    },
    {
        "plan_id": "344",
        "network": "9MOBILE",
        "plan_type": "SME",
        "amount": "125.0",
        "plan_name": "500.0 MB",
        "validity": "30 days"
    },
    {
        "plan_id": "346",
        "network": "9MOBILE",
        "plan_type": "SME",
        "amount": "875.0",
        "plan_name": "3.5 GB",
        "validity": "30 days"
    },
    {
        "plan_id": "273",
        "network": "AIRTEL",
        "plan_type": "CORPORATE GIFTING",
        "amount": "2750.0",
        "plan_name": "10.0 GB",
        "validity": "30 days(corporate gifting)"
    },
    {
        "plan_id": "370",
        "network": "AIRTEL",
        "plan_type": "CORPORATE GIFTING",
        "amount": "52500.0",
        "plan_name": "250.0 GB",
        "validity": "90days"
    },
    {
        "plan_id": "234",
        "network": "AIRTEL",
        "plan_type": "GIFTING",
        "amount": "4400.0",
        "plan_name": "20.0 GB",
        "validity": "30 days"
    },
    {
        "plan_id": "275",
        "network": "AIRTEL",
        "plan_type": "CORPORATE GIFTING",
        "amount": "5500.0",
        "plan_name": "20.0 GB",
        "validity": "30 days"
    },
    {
        "plan_id": "369",
        "network": "AIRTEL",
        "plan_type": "CORPORATE GIFTING",
        "amount": "100000.0",
        "plan_name": "500.0 GB",
        "validity": "90days"
    },
    {
        "plan_id": "274",
        "network": "AIRTEL",
        "plan_type": "CORPORATE GIFTING",
        "amount": "4125.0",
        "plan_name": "15.0 GB",
        "validity": "30 days"
    },
    {
        "plan_id": "268",
        "network": "AIRTEL",
        "plan_type": "CORPORATE GIFTING",
        "amount": "550.0",
        "plan_name": "2.0 GB",
        "validity": "30 days corporate gifting"
    },
    {
        "plan_id": "326",
        "network": "AIRTEL",
        "plan_type": "CORPORATE GIFTING",
        "amount": "2720000.0",
        "plan_name": "10.0 TB",
        "validity": "90 days"
    },
    {
        "plan_id": "269",
        "network": "AIRTEL",
        "plan_type": "CORPORATE GIFTING",
        "amount": "1375.0",
        "plan_name": "5.0 GB",
        "validity": "30 days corporate gifting"
    },
    {
        "plan_id": "324",
        "network": "AIRTEL",
        "plan_type": "CORPORATE GIFTING",
        "amount": "239000.0",
        "plan_name": "1.0 TB",
        "validity": "90 days"
    },
    {
        "plan_id": "325",
        "network": "AIRTEL",
        "plan_type": "CORPORATE GIFTING",
        "amount": "1360000.0",
        "plan_name": "5.0 TB",
        "validity": "90 days"
    },
    {
        "plan_id": "264",
        "network": "AIRTEL",
        "plan_type": "CORPORATE GIFTING",
        "amount": "27.5",
        "plan_name": "100.0 MB",
        "validity": "7days"
    },
    {
        "plan_id": "265",
        "network": "AIRTEL",
        "plan_type": "CORPORATE GIFTING",
        "amount": "82.5",
        "plan_name": "300.0 MB",
        "validity": "7 days(weekly)"
    },
    {
        "plan_id": "266",
        "network": "AIRTEL",
        "plan_type": "CORPORATE GIFTING",
        "amount": "137.5",
        "plan_name": "500.0 MB",
        "validity": "30 days corporate gifting"
    },
    {
        "plan_id": "267",
        "network": "AIRTEL",
        "plan_type": "CORPORATE GIFTING",
        "amount": "275.0",
        "plan_name": "1.0 GB",
        "validity": "30 days corporate gifting"
    },
    {
        "plan_id": "163",
        "network": "AIRTEL",
        "plan_type": "GIFTING",
        "amount": "3880.0",
        "plan_name": "11.0 GB",
        "validity": "30 days"
    },
    {
        "plan_id": "435",
        "network": "AIRTEL",
        "plan_type": "GIFTING",
        "amount": "13200.0",
        "plan_name": "75.0 GB",
        "validity": "AIRTEL_DG_75GB_ROUTER_30DAYS"
    },
    {
        "plan_id": "436",
        "network": "AIRTEL",
        "plan_type": "GIFTING",
        "amount": "13200.0",
        "plan_name": "75.0 GB",
        "validity": "AIRTEL_DG_75GB_ULTRA_MIFI_30DA"
    },
    {
        "plan_id": "437",
        "network": "AIRTEL",
        "plan_type": "GIFTING",
        "amount": "17600.0",
        "plan_name": "200.0 GB",
        "validity": "AIRTEL_DG_200GB_ULT_UNLIMITED"
    },
    {
        "plan_id": "255",
        "network": "AIRTEL",
        "plan_type": "GIFTING",
        "amount": "13200.0",
        "plan_name": "75.0 GB",
        "validity": "AIRTEL_DG_75GB_30DAYS"
    },
    {
        "plan_id": "439",
        "network": "AIRTEL",
        "plan_type": "GIFTING",
        "amount": "26400.0",
        "plan_name": "300.0 GB",
        "validity": "AIRTEL_DG_300GB_UNLIMITED"
    },
    {
        "plan_id": "440",
        "network": "AIRTEL",
        "plan_type": "GIFTING",
        "amount": "31680.0",
        "plan_name": "280.0 GB",
        "validity": "AIRTEL_DG_280GB_30DAYS"
    },
    {
        "plan_id": "441",
        "network": "AIRTEL",
        "plan_type": "GIFTING",
        "amount": "44000.0",
        "plan_name": "400.0 GB",
        "validity": "AIRTEL_DG_400GB_90DAYS"
    },
    {
        "plan_id": "442",
        "network": "AIRTEL",
        "plan_type": "GIFTING",
        "amount": "52800.0",
        "plan_name": "500.0 GB",
        "validity": "AIRTEL_DG_500GB_120DAYS"
    },
    {
        "plan_id": "443",
        "network": "AIRTEL",
        "plan_type": "GIFTING",
        "amount": "88000.0",
        "plan_name": "1.0 TB",
        "validity": "1 year"
    },
    {
        "plan_id": "438",
        "network": "AIRTEL",
        "plan_type": "GIFTING",
        "amount": "26400.0",
        "plan_name": "240.0 GB",
        "validity": "AIRTEL_DG_240GB_30DAYS"
    },
    {
        "plan_id": "150",
        "network": "AIRTEL",
        "plan_type": "GIFTING",
        "amount": "2640.0",
        "plan_name": "10.0 GB",
        "validity": "30 days"
    },
    {
        "plan_id": "149",
        "network": "AIRTEL",
        "plan_type": "GIFTING",
        "amount": "2200.0",
        "plan_name": "6.0 GB",
        "validity": "30 days"
    },
    {
        "plan_id": "148",
        "network": "AIRTEL",
        "plan_type": "GIFTING",
        "amount": "1760.0",
        "plan_name": "4.5 GB",
        "validity": "30 days"
    },
    {
        "plan_id": "147",
        "network": "AIRTEL",
        "plan_type": "GIFTING",
        "amount": "1320.0",
        "plan_name": "3.0 GB",
        "validity": "30 days"
    },
    {
        "plan_id": "146",
        "network": "AIRTEL",
        "plan_type": "GIFTING",
        "amount": "1164.0",
        "plan_name": "2.0 GB",
        "validity": "30 days"
    },
    {
        "plan_id": "145",
        "network": "AIRTEL",
        "plan_type": "GIFTING",
        "amount": "1056.0",
        "plan_name": "1.5 GB",
        "validity": "30 days"
    },
    {
        "plan_id": "144",
        "network": "AIRTEL",
        "plan_type": "GIFTING",
        "amount": "440.0",
        "plan_name": "750.0 MB",
        "validity": "7 days"
    },
    {
        "plan_id": "452",
        "network": "AIRTEL",
        "plan_type": "CORPORATE GIFTING",
        "amount": "27200000.0",
        "plan_name": "100.0 TB",
        "validity": "90 days"
    },
    {
        "plan_id": "434",
        "network": "AIRTEL",
        "plan_type": "GIFTING",
        "amount": "7040.0",
        "plan_name": "30.0 GB",
        "validity": "AIRTEL_DG_30GB_30DAYS"
    },
    {
        "plan_id": "253",
        "network": "AIRTEL",
        "plan_type": "GIFTING",
        "amount": "17600.0",
        "plan_name": "120.0 GB",
        "validity": "AIRTEL_DG_120GB_30DAYS"
    },
    {
        "plan_id": "251",
        "network": "AIRTEL",
        "plan_type": "GIFTING",
        "amount": "264.0",
        "plan_name": "350.0 MB",
        "validity": "7 days plan"
    },
    {
        "plan_id": "241",
        "network": "AIRTEL",
        "plan_type": "GIFTING",
        "amount": "1320.0",
        "plan_name": "6.0 GB",
        "validity": "7 days plan"
    },
    {
        "plan_id": "388",
        "network": "AIRTEL",
        "plan_type": "GIFTING",
        "amount": "88.0",
        "plan_name": "100.0 MB",
        "validity": "1 day plan"
    },
    {
        "plan_id": "389",
        "network": "AIRTEL",
        "plan_type": "GIFTING",
        "amount": "176.0",
        "plan_name": "200.0 MB",
        "validity": "3days"
    },
    {
        "plan_id": "425",
        "network": "AIRTEL",
        "plan_type": "GIFTING",
        "amount": "105.6",
        "plan_name": "450.0 MB",
        "validity": "7 days day and night plan"
    },
    {
        "plan_id": "426",
        "network": "AIRTEL",
        "plan_type": "GIFTING",
        "amount": "308.0",
        "plan_name": "1.0 GB",
        "validity": "7 days plan"
    },
    {
        "plan_id": "427",
        "network": "AIRTEL",
        "plan_type": "GIFTING",
        "amount": "440.0",
        "plan_name": "2.0 GB",
        "validity": "2 days plan"
    },
    {
        "plan_id": "428",
        "network": "AIRTEL",
        "plan_type": "GIFTING",
        "amount": "4400.0",
        "plan_name": "30.0 GB",
        "validity": "AIRTEL_DG_30GB_ULTRA_ROUTER_7D"
    },
    {
        "plan_id": "429",
        "network": "AIRTEL",
        "plan_type": "GIFTING",
        "amount": "880.0",
        "plan_name": "1.2 GB",
        "validity": "30 days"
    },
    {
        "plan_id": "430",
        "network": "AIRTEL",
        "plan_type": "GIFTING",
        "amount": "3520.0",
        "plan_name": "15.0 GB",
        "validity": "30 days"
    },
    {
        "plan_id": "431",
        "network": "AIRTEL",
        "plan_type": "GIFTING",
        "amount": "4400.0",
        "plan_name": "18.0 GB",
        "validity": "30 days"
    },
    {
        "plan_id": "432",
        "network": "AIRTEL",
        "plan_type": "GIFTING",
        "amount": "4400.0",
        "plan_name": "18.0 GB",
        "validity": "AIRTEL_DG_18GB_ROUTER_30DAYS"
    },
    {
        "plan_id": "433",
        "network": "AIRTEL",
        "plan_type": "GIFTING",
        "amount": "8800.0",
        "plan_name": "40.0 GB",
        "validity": "AIRTEL_DG_40GB_ROUTER_30DAYS"
    },
    {
        "plan_id": "209",
        "network": "AIRTEL",
        "plan_type": "GIFTING",
        "amount": "8800.0",
        "plan_name": "40.0 GB",
        "validity": "AIRTEL_DG_40GB_30DAYS"
    },
    {
        "plan_id": "333",
        "network": "GLO",
        "plan_type": "CORPORATE GIFTING",
        "amount": "42.6",
        "plan_name": "200.0 MB",
        "validity": "14 days(corporate gifting)"
    },
    {
        "plan_id": "332",
        "network": "GLO",
        "plan_type": "CORPORATE GIFTING",
        "amount": "428.0",
        "plan_name": "2.0 GB",
        "validity": "30 days(corporate gifting)"
    },
    {
        "plan_id": "331",
        "network": "GLO",
        "plan_type": "CORPORATE GIFTING",
        "amount": "107.0",
        "plan_name": "500.0 MB",
        "validity": "30 days(corporate gifting)"
    },
    {
        "plan_id": "329",
        "network": "GLO",
        "plan_type": "CORPORATE GIFTING",
        "amount": "1070.0",
        "plan_name": "5.0 GB",
        "validity": "30 days(corporate gifting)"
    },
    {
        "plan_id": "334",
        "network": "GLO",
        "plan_type": "CORPORATE GIFTING",
        "amount": "214.0",
        "plan_name": "1.0 GB",
        "validity": "30 days(corporate gifting)"
    },
    {
        "plan_id": "335",
        "network": "GLO",
        "plan_type": "CORPORATE GIFTING",
        "amount": "2140.0",
        "plan_name": "10.0 GB",
        "validity": "30 days(corporate gifting)"
    },
    {
        "plan_id": "336",
        "network": "GLO",
        "plan_type": "CORPORATE GIFTING",
        "amount": "642.0",
        "plan_name": "3.0 GB",
        "validity": "30 days(corporate gifting)"
    },
    {
        "plan_id": "423",
        "network": "GLO",
        "plan_type": "CORPORATE GIFTING",
        "amount": "221000.0",
        "plan_name": "1.0 TB",
        "validity": "30 days"
    },
    {
        "plan_id": "13",
        "network": "GLO",
        "plan_type": "GIFTING",
        "amount": "900.0",
        "plan_name": "3.9 GB",
        "validity": "30days 1.9gbday + 2gbnite=3.9g"
    },
    {
        "plan_id": "12",
        "network": "GLO",
        "plan_type": "GIFTING",
        "amount": "460.0",
        "plan_name": "800.0 MB",
        "validity": "14 days 800mbday+550mb nite=1."
    },
    {
        "plan_id": "220",
        "network": "GLO",
        "plan_type": "GIFTING",
        "amount": "13500.0",
        "plan_name": "93.0 GB",
        "validity": "30 days"
    },
    {
        "plan_id": "219",
        "network": "GLO",
        "plan_type": "GIFTING",
        "amount": "9000.0",
        "plan_name": "50.0 GB",
        "validity": "30 days"
    },
    {
        "plan_id": "218",
        "network": "GLO",
        "plan_type": "GIFTING",
        "amount": "7200.0",
        "plan_name": "27.0 GB",
        "validity": "30days 27gday +2gbnite=29gb"
    },
    {
        "plan_id": "285",
        "network": "GLO",
        "plan_type": "GIFTING",
        "amount": "46.0",
        "plan_name": "50.0 MB",
        "validity": "1 day GLO DATA"
    },
    {
        "plan_id": "287",
        "network": "GLO",
        "plan_type": "GIFTING",
        "amount": "92.0",
        "plan_name": "150.0 MB",
        "validity": "1 day"
    },
    {
        "plan_id": "288",
        "network": "GLO",
        "plan_type": "GIFTING",
        "amount": "184.0",
        "plan_name": "350.0 MB",
        "validity": "2 days"
    },
    {
        "plan_id": "289",
        "network": "GLO",
        "plan_type": "GIFTING",
        "amount": "16200.0",
        "plan_name": "119.0 GB",
        "validity": "30 days"
    },
    {
        "plan_id": "290",
        "network": "GLO",
        "plan_type": "GIFTING",
        "amount": "18000.0",
        "plan_name": "138.0 GB",
        "validity": "30 days"
    },
    {
        "plan_id": "180",
        "network": "GLO",
        "plan_type": "GIFTING",
        "amount": "1350.0",
        "plan_name": "7.5 GB",
        "validity": "30days 3.5gbday + 4gbnite=7.5g"
    },
    {
        "plan_id": "65",
        "network": "GLO",
        "plan_type": "GIFTING",
        "amount": "4800.0",
        "plan_name": "20.0 GB",
        "validity": "30days 20gday +4gbnite=24gb"
    },
    {
        "plan_id": "18",
        "network": "GLO",
        "plan_type": "GIFTING",
        "amount": "3600.0",
        "plan_name": "18.0 GB",
        "validity": "30days 14gday +4gbnite=18gb"
    },
    {
        "plan_id": "16",
        "network": "GLO",
        "plan_type": "GIFTING",
        "amount": "2700.0",
        "plan_name": "14.0 GB",
        "validity": "30days 10gday +4gbnite=14gb"
    },
    {
        "plan_id": "15",
        "network": "GLO",
        "plan_type": "GIFTING",
        "amount": "2250.0",
        "plan_name": "10.8 GB",
        "validity": "30days 6.8gday +4gbnite=10.8g"
    },
    {
        "plan_id": "14",
        "network": "GLO",
        "plan_type": "GIFTING",
        "amount": "1800.0",
        "plan_name": "9.2 GB",
        "validity": "30days 5.2gbday + 4gbnite=9.2g"
    },
    {
        "plan_id": "229",
        "network": "MTN",
        "plan_type": "GIFTING",
        "amount": "209.0",
        "plan_name": "200.0 MB",
        "validity": "3-days(direct)"
    },
    {
        "plan_id": "405",
        "network": "MTN",
        "plan_type": "GIFTING",
        "amount": "4000.0",
        "plan_name": "13.0 GB",
        "validity": "30 days"
    },
    {
        "plan_id": "392",
        "network": "MTN",
        "plan_type": "GIFTING",
        "amount": "2000.0",
        "plan_name": "250.0 MB",
        "validity": "2 days"
    },
    {
        "plan_id": "408",
        "network": "MTN",
        "plan_type": "GIFTING",
        "amount": "20000.0",
        "plan_name": "100.0 GB",
        "validity": "60 days"
    },
    {
        "plan_id": "409",
        "network": "MTN",
        "plan_type": "GIFTING",
        "amount": "30000.0",
        "plan_name": "160.0 GB",
        "validity": "60 days"
    },
    {
        "plan_id": "410",
        "network": "MTN",
        "plan_type": "GIFTING",
        "amount": "8000.0",
        "plan_name": "30.0 GB",
        "validity": "30 days"
    },
    {
        "plan_id": "411",
        "network": "MTN",
        "plan_type": "GIFTING",
        "amount": "47500.0",
        "plan_name": "400.0 GB",
        "validity": "90 days"
    },
    {
        "plan_id": "412",
        "network": "MTN",
        "plan_type": "GIFTING",
        "amount": "71250.0",
        "plan_name": "600.0 GB",
        "validity": "90 days"
    },
    {
        "plan_id": "413",
        "network": "MTN",
        "plan_type": "GIFTING",
        "amount": "85500.0",
        "plan_name": "800.0 GB",
        "validity": "180 days"
    },
    {
        "plan_id": "414",
        "network": "MTN",
        "plan_type": "GIFTING",
        "amount": "96000.0",
        "plan_name": "1.0 TB",
        "validity": "1 year"
    },
    {
        "plan_id": "415",
        "network": "MTN",
        "plan_type": "GIFTING",
        "amount": "237000.0",
        "plan_name": "2.5 TB",
        "validity": "1 year"
    },
    {
        "plan_id": "416",
        "network": "MTN",
        "plan_type": "SME2",
        "amount": "10160.0",
        "plan_name": "40.0 GB",
        "validity": "30 days"
    },
    {
        "plan_id": "417",
        "network": "MTN",
        "plan_type": "SME2",
        "amount": "12675.0",
        "plan_name": "50.0 GB",
        "validity": "30 days"
    },
    {
        "plan_id": "393",
        "network": "MTN",
        "plan_type": "GIFTING",
        "amount": "760.0",
        "plan_name": "3.0 GB",
        "validity": "2 days"
    },
    {
        "plan_id": "407",
        "network": "MTN",
        "plan_type": "GIFTING",
        "amount": "6500.0",
        "plan_name": "27.0 GB",
        "validity": "30 days"
    },
    {
        "plan_id": "406",
        "network": "MTN",
        "plan_type": "GIFTING",
        "amount": "5500.0",
        "plan_name": "22.0 GB",
        "validity": "30 days"
    },
    {
        "plan_id": "395",
        "network": "MTN",
        "plan_type": "GIFTING",
        "amount": "960.0",
        "plan_name": "1.5 GB",
        "validity": "7 days"
    },
    {
        "plan_id": "404",
        "network": "MTN",
        "plan_type": "GIFTING",
        "amount": "3500.0",
        "plan_name": "11.0 GB",
        "validity": "30 days"
    },
    {
        "plan_id": "403",
        "network": "MTN",
        "plan_type": "GIFTING",
        "amount": "3500.0",
        "plan_name": "15.0 GB",
        "validity": "30 days"
    },
    {
        "plan_id": "402",
        "network": "MTN",
        "plan_type": "GIFTING",
        "amount": "1440.0",
        "plan_name": "5.0 GB",
        "validity": "30 days"
    },
    {
        "plan_id": "394",
        "network": "MTN",
        "plan_type": "GIFTING",
        "amount": "380.0",
        "plan_name": "1.5 GB",
        "validity": "1 day"
    },
    {
        "plan_id": "401",
        "network": "MTN",
        "plan_type": "GIFTING",
        "amount": "2880.0",
        "plan_name": "8.0 GB",
        "validity": "30 days"
    },
    {
        "plan_id": "400",
        "network": "MTN",
        "plan_type": "GIFTING",
        "amount": "1920.0",
        "plan_name": "4.0 GB",
        "validity": "30 days"
    },
    {
        "plan_id": "399",
        "network": "MTN",
        "plan_type": "GIFTING",
        "amount": "960.0",
        "plan_name": "1.2 GB",
        "validity": "30 days"
    },
    {
        "plan_id": "398",
        "network": "MTN",
        "plan_type": "GIFTING",
        "amount": "475.0",
        "plan_name": "600.0 MB",
        "validity": "7 days"
    },
    {
        "plan_id": "397",
        "network": "MTN",
        "plan_type": "GIFTING",
        "amount": "1920.0",
        "plan_name": "7.0 GB",
        "validity": "7 days"
    },
    {
        "plan_id": "215",
        "network": "MTN",
        "plan_type": "CORPORATE GIFTING",
        "amount": "520.0",
        "plan_name": "2.0 GB",
        "validity": "30 days (corporate gifting)"
    },
    {
        "plan_id": "451",
        "network": "MTN",
        "plan_type": "SME2",
        "amount": "2500000.0",
        "plan_name": "10.0 TB",
        "validity": "60 days"
    },
    {
        "plan_id": "450",
        "network": "MTN",
        "plan_type": "SME2",
        "amount": "1250000.0",
        "plan_name": "5.0 TB",
        "validity": "60 days"
    },
    {
        "plan_id": "449",
        "network": "MTN",
        "plan_type": "SME2",
        "amount": "1250000.0",
        "plan_name": "5000.0 GB",
        "validity": "90 days"
    },
    {
        "plan_id": "166",
        "network": "MTN",
        "plan_type": "SME",
        "amount": "253.5",
        "plan_name": "1.0 GB",
        "validity": "30 days"
    },
    {
        "plan_id": "167",
        "network": "MTN",
        "plan_type": "SME",
        "amount": "507.0",
        "plan_name": "2.0 GB",
        "validity": "30 days"
    },
    {
        "plan_id": "168",
        "network": "MTN",
        "plan_type": "SME",
        "amount": "760.5",
        "plan_name": "3.0 GB",
        "validity": "30 days"
    },
    {
        "plan_id": "169",
        "network": "MTN",
        "plan_type": "SME",
        "amount": "1267.5",
        "plan_name": "5.0 GB",
        "validity": "30 days"
    },
    {
        "plan_id": "179",
        "network": "MTN",
        "plan_type": "SME",
        "amount": "128.5",
        "plan_name": "500.0 MB",
        "validity": "30 days"
    },
    {
        "plan_id": "197",
        "network": "MTN",
        "plan_type": "GIFTING",
        "amount": "2880.0",
        "plan_name": "8.0 GB",
        "validity": "30 days"
    },
    {
        "plan_id": "199",
        "network": "MTN",
        "plan_type": "GIFTING",
        "amount": "3840.0",
        "plan_name": "12.0 GB",
        "validity": "30 days (direct)"
    },
    {
        "plan_id": "204",
        "network": "MTN",
        "plan_type": "GIFTING",
        "amount": "10560.0",
        "plan_name": "40.0 GB",
        "validity": "30 days (direct)"
    },
    {
        "plan_id": "213",
        "network": "MTN",
        "plan_type": "CORPORATE GIFTING",
        "amount": "260.0",
        "plan_name": "1.0 GB",
        "validity": "30 days (corporate gifting)"
    },
    {
        "plan_id": "418",
        "network": "MTN",
        "plan_type": "SME2",
        "amount": "9180.0",
        "plan_name": "36.0 GB",
        "validity": "30 days"
    },
    {
        "plan_id": "216",
        "network": "MTN",
        "plan_type": "CORPORATE GIFTING",
        "amount": "786.0",
        "plan_name": "3.0 GB",
        "validity": "30 days (corporate gifting)"
    },
    {
        "plan_id": "217",
        "network": "MTN",
        "plan_type": "CORPORATE GIFTING",
        "amount": "1300.0",
        "plan_name": "5.0 GB",
        "validity": "30 days (corporate gifting)"
    },
    {
        "plan_id": "221",
        "network": "MTN",
        "plan_type": "GIFTING",
        "amount": "960.0",
        "plan_name": "1.2 GB",
        "validity": "30 days"
    },
    {
        "plan_id": "222",
        "network": "MTN",
        "plan_type": "GIFTING",
        "amount": "1152.0",
        "plan_name": "1.5 GB",
        "validity": "30 days"
    },
    {
        "plan_id": "223",
        "network": "MTN",
        "plan_type": "GIFTING",
        "amount": "1920.0",
        "plan_name": "4.0 GB",
        "validity": "30 days"
    },
    {
        "plan_id": "225",
        "network": "MTN",
        "plan_type": "CORPORATE GIFTING",
        "amount": "129.0",
        "plan_name": "500.0 MB",
        "validity": "30 days corporate gifting"
    },
    {
        "plan_id": "226",
        "network": "MTN",
        "plan_type": "GIFTING",
        "amount": "95.0",
        "plan_name": "100.0 MB",
        "validity": "1 Day"
    },
    {
        "plan_id": "422",
        "network": "MTN",
        "plan_type": "SME2",
        "amount": "130000.0",
        "plan_name": "500.0 GB",
        "validity": "30 days"
    },
    {
        "plan_id": "421",
        "network": "MTN",
        "plan_type": "SME2",
        "amount": "251000.0",
        "plan_name": "1.0 TB",
        "validity": "30 days"
    },
    {
        "plan_id": "420",
        "network": "MTN",
        "plan_type": "SME2",
        "amount": "637.5",
        "plan_name": "2.5 GB",
        "validity": "30 days"
    },
    {
        "plan_id": "419",
        "network": "MTN",
        "plan_type": "SME2",
        "amount": "918.0",
        "plan_name": "3.6 GB",
        "validity": "30 days"
    },
    {
        "plan_id": "327",
        "network": "MTN",
        "plan_type": "SME",
        "amount": "4313900080.0",
        "plan_name": "20.0 TB",
        "validity": "90 days"
    },
    {
        "plan_id": "355",
        "network": "MTN",
        "plan_type": "SME2",
        "amount": "765.0",
        "plan_name": "3.0 GB",
        "validity": "30days"
    },
    {
        "plan_id": "354",
        "network": "MTN",
        "plan_type": "SME2",
        "amount": "510.0",
        "plan_name": "2.0 GB",
        "validity": "30 days"
    },
    {
        "plan_id": "353",
        "network": "MTN",
        "plan_type": "SME2",
        "amount": "255.0",
        "plan_name": "1.0 GB",
        "validity": "30 days"
    },
    {
        "plan_id": "263",
        "network": "MTN",
        "plan_type": "CORPORATE GIFTING",
        "amount": "24500.0",
        "plan_name": "100.0 GB",
        "validity": "30 days corporate gifting"
    },
    {
        "plan_id": "270",
        "network": "MTN",
        "plan_type": "CORPORATE GIFTING",
        "amount": "25.0",
        "plan_name": "50.0 MB",
        "validity": "30 days corporate gifting"
    },
    {
        "plan_id": "271",
        "network": "MTN",
        "plan_type": "CORPORATE GIFTING",
        "amount": "50.0",
        "plan_name": "150.0 MB",
        "validity": "30 days corporate gifting"
    },
    {
        "plan_id": "272",
        "network": "MTN",
        "plan_type": "CORPORATE GIFTING",
        "amount": "66.25",
        "plan_name": "250.0 MB",
        "validity": "30 days corporate gifting"
    },
    {
        "plan_id": "279",
        "network": "MTN",
        "plan_type": "GIFTING",
        "amount": "5280.0",
        "plan_name": "20.0 GB",
        "validity": "30 days"
    },
    {
        "plan_id": "280",
        "network": "MTN",
        "plan_type": "GIFTING",
        "amount": "15040.0",
        "plan_name": "75.0 GB",
        "validity": "30 days"
    },
    {
        "plan_id": "282",
        "network": "MTN",
        "plan_type": "CORPORATE GIFTING",
        "amount": "13250.0",
        "plan_name": "50.0 GB",
        "validity": "30 days(corporate gifting)"
    },
    {
        "plan_id": "340",
        "network": "MTN",
        "plan_type": "SME2",
        "amount": "1020.0",
        "plan_name": "4.0 GB",
        "validity": "30 days"
    },
    {
        "plan_id": "283",
        "network": "MTN",
        "plan_type": "CORPORATE GIFTING",
        "amount": "15570.0",
        "plan_name": "60.0 GB",
        "validity": "30 days(corporate gifting)"
    },
    {
        "plan_id": "284",
        "network": "MTN",
        "plan_type": "CORPORATE GIFTING",
        "amount": "3120.0",
        "plan_name": "12.0 GB",
        "validity": "30 days(corporate gifting)"
    },
    {
        "plan_id": "328",
        "network": "MTN",
        "plan_type": "CORPORATE GIFTING",
        "amount": "44400000000.0",
        "plan_name": "20.0 TB",
        "validity": "90 days"
    },
    {
        "plan_id": "356",
        "network": "MTN",
        "plan_type": "SME2",
        "amount": "1275.0",
        "plan_name": "5.0 GB",
        "validity": "30days"
    },
    {
        "plan_id": "291",
        "network": "MTN",
        "plan_type": "GIFTING",
        "amount": "336.0",
        "plan_name": "1.0 GB",
        "validity": "1 day"
    },
    {
        "plan_id": "294",
        "network": "MTN",
        "plan_type": "GIFTING",
        "amount": "576.0",
        "plan_name": "2.5 GB",
        "validity": "2 days"
    },
    {
        "plan_id": "295",
        "network": "MTN",
        "plan_type": "GIFTING",
        "amount": "1504.0",
        "plan_name": "3.0 GB",
        "validity": "30 days"
    },
    {
        "plan_id": "323",
        "network": "MTN",
        "plan_type": "CORPORATE GIFTING",
        "amount": "1250000.0",
        "plan_name": "5.0 TB",
        "validity": "90days"
    },
    {
        "plan_id": "322",
        "network": "MTN",
        "plan_type": "SME",
        "amount": "1275000.0",
        "plan_name": "5.0 TB",
        "validity": "90days"
    },
    {
        "plan_id": "321",
        "network": "MTN",
        "plan_type": "CORPORATE GIFTING",
        "amount": "256900.0",
        "plan_name": "1.0 TB",
        "validity": "90days"
    },
    {
        "plan_id": "320",
        "network": "MTN",
        "plan_type": "SME",
        "amount": "255000.0",
        "plan_name": "1.0 TB",
        "validity": "90days"
    },
    {
        "plan_id": "318",
        "network": "MTN",
        "plan_type": "CORPORATE GIFTING",
        "amount": "132500.0",
        "plan_name": "500.0 GB",
        "validity": "90days"
    },
    {
        "plan_id": "317",
        "network": "MTN",
        "plan_type": "SME",
        "amount": "127200.0",
        "plan_name": "500.0 GB",
        "validity": "90 days"
    },
    {
        "plan_id": "316",
        "network": "MTN",
        "plan_type": "GIFTING",
        "amount": "28200.0",
        "plan_name": "200.0 GB",
        "validity": "30 days"
    },
    {
        "plan_id": "315",
        "network": "MTN",
        "plan_type": "GIFTING",
        "amount": "20680.0",
        "plan_name": "120.0 GB",
        "validity": "30 days"
    },
    {
        "plan_id": "314",
        "network": "MTN",
        "plan_type": "GIFTING",
        "amount": "6240.0",
        "plan_name": "25.0 GB",
        "validity": "30 days"
    },
    {
        "plan_id": "312",
        "network": "MTN",
        "plan_type": "GIFTING",
        "amount": "209.0",
        "plan_name": "250.0 MB",
        "validity": "2-days(direct)"
    },
    {
        "plan_id": "311",
        "network": "MTN",
        "plan_type": "GIFTING",
        "amount": "285.0",
        "plan_name": "750.0 MB",
        "validity": "3-days(direct)"
    },
    {
        "plan_id": "258",
        "network": "MTN",
        "plan_type": "CORPORATE GIFTING",
        "amount": "5240.0",
        "plan_name": "20.0 GB",
        "validity": "30 days corporate gifting"
    },
    {
        "plan_id": "390",
        "network": "MTN",
        "plan_type": "DATA COUPONS",
        "amount": "595.0",
        "plan_name": "3.0 GB",
        "validity": "30 days"
    },
    {
        "plan_id": "297",
        "network": "MTN",
        "plan_type": "GIFTING",
        "amount": "48.0",
        "plan_name": "40.0 MB",
        "validity": "1 day"
    },
    {
        "plan_id": "230",
        "network": "MTN",
        "plan_type": "GIFTING",
        "amount": "285.0",
        "plan_name": "350.0 MB",
        "validity": "7-day(direct)"
    },
    {
        "plan_id": "387",
        "network": "MTN",
        "plan_type": "DATA COUPONS",
        "amount": "428.0",
        "plan_name": "2.0 GB",
        "validity": "30 days"
    },
    {
        "plan_id": "385",
        "network": "MTN",
        "plan_type": "DATA COUPONS",
        "amount": "208.0",
        "plan_name": "1.0 GB",
        "validity": "7days(weekly)"
    },
    {
        "plan_id": "384",
        "network": "MTN",
        "plan_type": "DATA COUPONS",
        "amount": "325.0",
        "plan_name": "1.5 GB",
        "validity": "30 days"
    },
    {
        "plan_id": "383",
        "network": "MTN",
        "plan_type": "DATA COUPONS",
        "amount": "135.0",
        "plan_name": "750.0 MB",
        "validity": "30 days"
    },
    {
        "plan_id": "382",
        "network": "MTN",
        "plan_type": "SME",
        "amount": "55103500000000.0",
        "plan_name": "25.6 TB",
        "validity": "90days"
    },
    {
        "plan_id": "378",
        "network": "MTN",
        "plan_type": "CORPORATE GIFTING",
        "amount": "22100000.0",
        "plan_name": "10.0 TB",
        "validity": "30 days"
    },
    {
        "plan_id": "231",
        "network": "MTN",
        "plan_type": "GIFTING",
        "amount": "1410.0",
        "plan_name": "5.0 GB",
        "validity": "7-days"
    },
    {
        "plan_id": "232",
        "network": "MTN",
        "plan_type": "GIFTING",
        "amount": "470.0",
        "plan_name": "750.0 MB",
        "validity": "7 days(direct)"
    },
    {
        "plan_id": "233",
        "network": "MTN",
        "plan_type": "GIFTING",
        "amount": "576.0",
        "plan_name": "1.0 GB",
        "validity": "7-days(weekly)"
    },
    {
        "plan_id": "256",
        "network": "MTN",
        "plan_type": "GIFTING",
        "amount": "3360.0",
        "plan_name": "10.0 GB",
        "validity": "30 days(direct)"
    },
    {
        "plan_id": "257",
        "network": "MTN",
        "plan_type": "CORPORATE GIFTING",
        "amount": "2600.0",
        "plan_name": "10.0 GB",
        "validity": "30 days corporate gifting"
    },
    {
        "plan_id": "228",
        "network": "MTN",
        "plan_type": "GIFTING",
        "amount": "940.0",
        "plan_name": "1.5 GB",
        "validity": "Weekly 7days"
    },
    {
        "plan_id": "371",
        "network": "MTN",
        "plan_type": "SME",
        "amount": "540000000.0",
        "plan_name": "250.0 GB",
        "validity": "90days"
    },
    {
        "plan_id": "259",
        "network": "MTN",
        "plan_type": "CORPORATE GIFTING",
        "amount": "3930.0",
        "plan_name": "15.0 GB",
        "validity": "30 days corporate gifting"
    },
    {
        "plan_id": "260",
        "network": "MTN",
        "plan_type": "SME",
        "amount": "2535.0",
        "plan_name": "10.0 GB",
        "validity": "30 days"
    },
    {
        "plan_id": "368",
        "network": "MTN",
        "plan_type": "SME2",
        "amount": "46.0",
        "plan_name": "50.0 MB",
        "validity": "30 days"
    },
    {
        "plan_id": "367",
        "network": "MTN",
        "plan_type": "SME2",
        "amount": "1785.0",
        "plan_name": "7.0 GB",
        "validity": "30 days"
    },
    {
        "plan_id": "366",
        "network": "MTN",
        "plan_type": "SME2",
        "amount": "1530.0",
        "plan_name": "6.0 GB",
        "validity": "30 days"
    },
    {
        "plan_id": "364",
        "network": "MTN",
        "plan_type": "SME2",
        "amount": "13.0",
        "plan_name": "25.0 MB",
        "validity": "30 days"
    },
    {
        "plan_id": "363",
        "network": "MTN",
        "plan_type": "SME2",
        "amount": "15.0",
        "plan_name": "20.0 MB",
        "validity": "30 days"
    },
    {
        "plan_id": "261",
        "network": "MTN",
        "plan_type": "CORPORATE GIFTING",
        "amount": "10480.0",
        "plan_name": "40.0 GB",
        "validity": "30 days corporate gifting"
    },
    {
        "plan_id": "262",
        "network": "MTN",
        "plan_type": "CORPORATE GIFTING",
        "amount": "15360.0",
        "plan_name": "75.0 GB",
        "validity": "30 days corporate gifting"
    },
    {
        "plan_id": "360",
        "network": "MTN",
        "plan_type": "SME2",
        "amount": "30.0",
        "plan_name": "100.0 MB",
        "validity": "30 days"
    },
    {
        "plan_id": "359",
        "network": "MTN",
        "plan_type": "SME2",
        "amount": "382.5",
        "plan_name": "1.5 GB",
        "validity": "30 days"
    },
    {
        "plan_id": "358",
        "network": "MTN",
        "plan_type": "SME2",
        "amount": "126.5",
        "plan_name": "500.0 MB",
        "validity": "30 days"
    },
    {
        "plan_id": "357",
        "network": "MTN",
        "plan_type": "SME2",
        "amount": "2550.0",
        "plan_name": "10.0 GB",
        "validity": "30days"
    }
]