[
   
    {
        "plan_id": "7",
        "network": "MTN",
        "plan_type": "SME",
        "amount": "680",
        "plan_name": "1.0 GB",
        "validity": "1 month"
    },
    {
        "plan_id": "8",
        "network": "MTN",
        "plan_type": "SME",
        "amount": "1360",
        "plan_name": "2.0 GB",
        "validity": "1 month"
    },
    {
        "plan_id": "11",
        "network": "MTN",
        "plan_type": "SME",
        "amount": "3400",
        "plan_name": "5.0 GB",
        "validity": "1 month"
    },
    {
        "plan_id": "44",
        "network": "MTN",
        "plan_type": "SME",
        "amount": "2100",
        "plan_name": "3.0 GB",
        "validity": "1 month"
    },
    {
        "plan_id": "213",
        "network": "MTN",
        "plan_type": "SME",
        "amount": "7000",
        "plan_name": "10.0 GB",
        "validity": "1 month"
    },
    {
        "plan_id": "207",
        "network": "MTN",
        "plan_type": "CORPORATE GIFTING",
        "amount": "450",
        "plan_name": "500.0 MB",
        "validity": "1 month"
    },
    {
        "plan_id": "208",
        "network": "MTN",
        "plan_type": "CORPORATE GIFTING",
        "amount": "700",
        "plan_name": "1.0 GB",
        "validity": "1 month"
    },
    {
        "plan_id": "51",
        "network": "MTN",
        "plan_type": "CORPORATE GIFTING",
        "amount": "1400",
        "plan_name": "2.0 GB",
        "validity": "1 month"
    },
    {
        "plan_id": "52",
        "network": "MTN",
        "plan_type": "CORPORATE GIFTING",
        "amount": "1400",
        "plan_name": "3.0 GB",
        "validity": "1 month"
    },
    {
        "plan_id": "49",
        "network": "MTN",
        "plan_type": "CORPORATE GIFTING",
        "amount": "3500",
        "plan_name": "5.0 GB",
        "validity": "1 month"
    },
    {
        "plan_id": "43",
        "network": "MTN",
        "plan_type": "CORPORATE GIFTING",
        "amount": "7000",
        "plan_name": "10.0 GB",
        "validity": "1 month"
    },
    {
        "plan_id": "209",
        "network": "AIRTEL",
        "plan_type": "CORPORATE GIFTING",
        "amount": "450",
        "plan_name": "500.0 MB",
        "validity": "1 month"
    },
    {
        "plan_id": "210",
        "network": "AIRTEL",
        "plan_type": "CORPORATE GIFTING",
        "amount": "650",
        "plan_name": "1.0 GB",
        "validity": "1 month"
    },
    {
        "plan_id": "211",
        "network": "AIRTEL",
        "plan_type": "CORPORATE GIFTING",
        "amount": "1300",
        "plan_name": "2.0 GB",
        "validity": "1 month"
    },
    {
        "plan_id": "212",
        "network": "AIRTEL",
        "plan_type": "CORPORATE GIFTING",
        "amount": "3250",
        "plan_name": "5.0 GB",
        "validity": "1 month"
    },
    {
        "plan_id": "217",
        "network": "GLO",
        "plan_type": "CORPORATE GIFTING",
        "amount": "380",
        "plan_name": "1.0 GB",
        "validity": "1 month"
    },
    {
        "plan_id": "218",
        "network": "GLO",
        "plan_type": "CORPORATE GIFTING",
        "amount": "300",
        "plan_name": "500.0 MB",
        "validity": "1 month"
    },
    {
        "plan_id": "222",
        "network": "GLO",
        "plan_type": "CORPORATE GIFTING",
        "amount": "760",
        "plan_name": "2.0 GB",
        "validity": "1 month"
    },
    {
        "plan_id": "223",
        "network": "GLO",
        "plan_type": "CORPORATE GIFTING",
        "amount": "1140",
        "plan_name": "3.0 GB",
        "validity": "1 month"
    },
    {
        "plan_id": "224",
        "network": "GLO",
        "plan_type": "CORPORATE GIFTING",
        "amount": "3700",
        "plan_name": "10.0 GB",
        "validity": "1 month"
    },
    {
        "plan_id": "225",
        "network": "GLO",
        "plan_type": "CORPORATE GIFTING",
        "amount": "1850",
        "plan_name": "5.0 GB",
        "validity": "1 month"
    },
    {
        "plan_id": "226",
        "network": "AIRTEL",
        "plan_type": "CORPORATE GIFTING",
        "amount": "7000",
        "plan_name": "10.0 GB",
        "validity": "1 month"
    },
    {
        "plan_id": "228",
        "network": "AIRTEL",
        "plan_type": "CORPORATE GIFTING",
        "amount": "14000",
        "plan_name": "20.0 GB",
        "validity": "1 month"
    },
    {
        "plan_id": "229",
        "network": "9MOBILE",
        "plan_type": "CORPORATE GIFTING",
        "amount": "200",
        "plan_name": "1.0 GB",
        "validity": "1 month"
    },
    {
        "plan_id": "230",
        "network": "9MOBILE",
        "plan_type": "CORPORATE GIFTING",
        "amount": "150",
        "plan_name": "500.0 MB",
        "validity": "1 month"
    },
    {
        "plan_id": "231",
        "network": "9MOBILE",
        "plan_type": "CORPORATE GIFTING",
        "amount": "350",
        "plan_name": "1.5 GB",
        "validity": "1 month"
    },
    {
        "plan_id": "232",
        "network": "9MOBILE",
        "plan_type": "CORPORATE GIFTING",
        "amount": "400",
        "plan_name": "2.0 GB",
        "validity": "1 month"
    },
    {
        "plan_id": "233",
        "network": "9MOBILE",
        "plan_type": "CORPORATE GIFTING",
        "amount": "550",
        "plan_name": "3.0 GB",
        "validity": "1 month"
    },
    {
        "plan_id": "234",
        "network": "9MOBILE",
        "plan_type": "CORPORATE GIFTING",
        "amount": "850",
        "plan_name": "5.0 GB",
        "validity": "1 month"
    },
    {
        "plan_id": "235",
        "network": "9MOBILE",
        "plan_type": "CORPORATE GIFTING",
        "amount": "680",
        "plan_name": "4.0 GB",
        "validity": "1 month"
    },
    {
        "plan_id": "236",
        "network": "9MOBILE",
        "plan_type": "CORPORATE GIFTING",
        "amount": "900",
        "plan_name": "4.5 GB",
        "validity": "1 month"
    },
    {
        "plan_id": "237",
        "network": "9MOBILE",
        "plan_type": "CORPORATE GIFTING",
        "amount": "1775",
        "plan_name": "11.0 GB",
        "validity": "1 month"
    },
    {
        "plan_id": "238",
        "network": "AIRTEL",
        "plan_type": "CORPORATE GIFTING",
        "amount": "350",
        "plan_name": "300.0 MB",
        "validity": "1 month"
    },
    {
        "plan_id": "239",
        "network": "AIRTEL",
        "plan_type": "CORPORATE GIFTING",
        "amount": "280",
        "plan_name": "100.0 MB",
        "validity": "1 month"
    }
    
]